PurchaseYear,PurchaseMonth,Total_Revenue,Total_Orders
2021,7,151661.3,5430
2021,8,154860.29999999973,5590
2021,9,151553.29999999923,5505
2021,10,155362.39999999997,5611
2021,11,147956.99999999942,5364
2021,12,157438.0000000001,5684
